segment_name,lat,long
D01-020,49.4530322551,15.6058254462
D01-050,49.5447066147,17.5593928334
D08-011,50.6499378043,13.9922545547
I11-002,50.2127866153,15.7840739706
I12-008,50.0669999223,14.835460568
I16-032,50.4244123731,15.3688051522
I20-076,49.1074565228,14.2286171403
I26-037,49.4203877192,12.8754037151
I26-049,49.3433194226,12.8511518297
I35-079,50.0695895957,15.9754918245
I38-070,49.7160670994,15.516548306
I11-017,49.8184930016,18.1739397674
I26-019,49.5561294049,13.0604511664
I11-015,49.4960372832,18.7648588915
I20-058,49.29575558,14.1609902061
I03-023,49.629470117,14.6512187096
I34-024,49.0974902287,14.9911114946
D01-029,49.1989390939,16.4249366505
D05-010,49.7581811116,13.6246758104
I19-024,49.426653661,14.9355212117
I19-027,49.4213133401,14.9708684424
I20-074,49.1320150986,14.1984538393
I26-048,49.3460525522,12.8519228572
I34-075,49.5152338114,15.3454640471
I34-077,49.524268987,15.3491950375
I35-022,50.5382202471,15.22958378
I38-050,49.896783797,15.4091600149
D01-040,49.2683345997,17.009782223
D06-006,50.1607923993,13.9358119484
I20-023,49.5297358308,13.5229334164
I20-056,49.3173301036,14.1294752097
I20-069,49.1771525209,14.1985963018
I26-036,49.4268486952,12.8794513442
I33-021,50.384148431,16.0377721407
I35-033,50.4671150563,15.3433160029
I35-103,49.8170699161,16.4115627092
I38-008,50.5542818717,14.6612416259
I52-003,49.1242682989,16.6040863694
I35-093,49.9072795481,16.2032373571
D35-014,49.6409760027,17.1386002423
I12-026,50.0392100212,15.1123666823
D05-022,49.7328296799,12.7279212011
I26-002,49.719489572,13.2988629184
I34-026,49.1138373593,15.0005193691
I34-054,49.367741359,15.1564439136
I34-056,49.391772397,15.1834230057
I35-075,50.1195770339,15.92547233
I47-007,49.4938830535,17.4820719145
I50-040,49.0160939042,17.6358241196
I30-002,50.534091804,14.0569677933
D01-060,49.8495556669,18.2303935002
D35-003,49.7177447658,17.0030043906
D06-001,50.082994337,14.2812371297
I12-020,50.0445829309,15.0232815455
I26-015,49.5911717232,13.091283768
I34-009,48.9974686874,14.709571994
I38-049,49.9025217361,15.4059725469
I52-007,48.9580569842,16.5210952151
I12-023,50.0444525247,15.0776578713
I58-004,49.7011212978,18.1512982728
D03-010,49.1141128288,14.5867170104
D35-013,49.5490774071,17.5492684484
I20-081,49.0657044527,14.2986805582
I26-033,49.46581711,12.8727467365
I34-036,49.2188241718,15.0691295977
I35-118,49.7696724868,16.7618618688
I38-034,50.0172575548,15.1796839367
I38-047,49.917094668,15.4036534732
I38-058,49.8312860339,15.4653368653
I43-012,49.372480466,16.5705010958
I48-006,49.5677446312,17.9422330989
D56-002,49.7582593949,18.2744477052
I34-004,49.0074490955,14.5832319873
I47-006,49.4877843064,17.4653528252
D01-036,49.186865735,16.7403688588
I34-013,49.0309225763,14.8040325414
I34-060,49.4399805175,15.2279948749
I34-074,49.5094291435,15.3379569069
I35-037,50.4284588799,15.4466559607
I38-077,49.6440469726,15.5605006124
I38-083,49.5587043375,15.5851272903
I55-003,49.3842919027,17.4566617769
D01-014,49.694699865,15.0916623067
D03-012,49.0332045574,14.509704388
I03-026,49.5610545925,14.6622234356
I35-076,50.1029488462,15.9518332191
I50-021,49.1552074676,17.2145318337
D10-015,50.5612308522,15.0523685253
I11-007,49.689146671,18.6115943078
I26-018,49.5617372625,13.0673364767
I33-006,50.2916390761,15.8355024932
I04-001,49.9485405758,14.3741414767
I43-026,49.5273921122,16.5823579025
I43-034,49.6329980836,16.5217213716
I50-018,49.1584651474,17.1715532052
I50-049,48.9744524318,17.8491855267
D01-024,49.3631103945,16.0023684631
D07-010,50.4302779341,13.4185824894
D08-004,50.3533689829,14.2749659682
D08-009,50.5355889306,13.9968829642
I16-003,50.4103143858,14.9858843039
I16-033,50.4291384625,15.379449331
I38-009,50.5485167929,14.6680505541
D01-025,49.332513185,16.068461948
D01-026,49.2943023888,16.1757108432
D11-002,50.1228718009,14.7104966904
I20-035,49.4652388315,13.7052381468
I20-039,49.4304195361,13.8254680507
I20-070,49.1681297829,14.1904157672
I35-051,50.3663317569,15.6203000291
I38-022,50.4494277344,14.8720870024
I38-093,49.4452282343,15.6089667502
I33-017,50.3874858412,15.9741801525
I16-028,50.4440866473,15.3318817868
I26-040,49.4071671707,12.8622921645
I03-022,49.6525384784,14.6333288927
I33-028,50.4062348694,16.1333886748
I34-035,49.2149054012,15.0700627405
I34-059,49.4109459421,15.2130149737
I34-087,49.5708733339,15.5038074558
I35-029,50.4838022674,15.3311561113
I37-002,50.1780508759,15.8038307936
I38-001,50.6015468939,14.5931598821
I47-009,49.5005342028,17.4959865112
I50-034,49.0384914541,17.540284428
I38-006,50.5649069543,14.6491114568
D01-016,49.5898174899,15.2471646734
D11-011,50.1378587861,15.6516487643
D04-005,49.8177934756,14.2220237832
D06-009,50.1819962917,12.6877308469
I16-007,50.4507088573,15.0827534183
I19-034,49.4286251926,15.0766142333
I26-028,49.5218098314,12.9268394809
I26-030,49.5076078338,12.897350389
I33-012,50.325097699,15.8708653991
I34-033,49.201953392,15.067911689
I35-068,50.2632544138,15.7491018733
I06-004,50.1361261954,13.1875574683
I35-048,50.3704556071,15.5925871721
D35-006,49.6358930507,17.1486995372
I16-025,50.4528804368,15.3002260096
I20-016,49.6036139372,13.4937709871
I03-019,49.695037761,14.6508849874
I34-034,49.2105354604,15.072483559
I35-040,50.3925360471,15.4958527716
I38-017,50.4941713444,14.802021713
I38-076,49.6505086024,15.5551080031
I50-001,49.1808298163,16.8127306786
I55-002,49.4062686365,17.4533320982
I11-005,49.7244236907,18.6089108657
I19-016,49.4068005036,14.8204253459
D01-009,49.8458466829,14.798096229
D35-009,49.5549827711,17.2788416023
I03-004,49.8667570896,14.7050874544
I03-013,49.7482860501,14.6732292093
I34-067,49.4824665315,15.2850997033
I38-021,50.4665407457,14.8647628751
I58-011,49.7299389252,18.2055703438
I06-001,50.1350033666,13.2212030612
D01-043,49.3228995466,17.3000170257
D03-002,49.4491911347,14.6699272863
D05-017,49.7098347104,13.2566526383
D52-003,48.978625448,16.5374248809
I19-020,49.4279919062,14.8716998083
I26-009,49.6737158821,13.2188777237
I03-007,49.8178478936,14.6833950126
I33-007,50.2954025896,15.840910364
I38-023,50.4434887942,14.8854042442
D35-011,49.5795533061,17.3938231032
D05-001,50.0468916722,14.2524846977
D01-022,49.4115839823,15.7285133222
D10-006,50.2634840323,14.7921822458
I16-006,50.443495549,15.064112958
I16-011,50.4608892989,15.1256885178
I03-002,49.9025410472,14.7153257791
I34-045,49.2798303852,15.0684664061
I38-041,49.9761795814,15.2978038826
I43-028,49.5330059915,16.580544309
I50-022,49.1470996341,17.2233128573
I35-094,49.9036495309,16.215021718
I38-051,49.8959075543,15.4102292396
I20-026,49.5058731954,13.5483407499
D00-014,50.0695767246,14.284382478
I16-031,50.4225817141,15.3643505323
I20-034,49.4647137866,13.6764932817
I35-077,50.0873233712,15.969389035
I35-119,49.7680080072,16.7700480916
I43-038,49.788262719,16.4806453147
I52-005,49.101532416,16.6021837969
I06-007,50.1365294775,13.1571669185
I06-008,50.1351124238,13.1455994813
I63-001,50.6213735339,13.8775188655
I07-002,50.3090646251,13.8826561779
I12-019,50.0457985148,15.0065546456
I12-029,50.0342522593,15.156413119
I12-013,50.0531021735,14.9124580637
I47-004,49.4656237746,17.4462073812
D01-055,49.7068168914,17.9925577405
D46-009,49.5276534488,17.1602812259
I16-001,50.4088363554,14.9531438643
I34-010,49.0026174518,14.7415785598
I34-055,49.3764413546,15.1678206414
I35-089,49.9817476188,16.118788328
I38-063,49.7985016804,15.4785649177
I43-021,49.4811926931,16.5843191611
I50-025,49.0955682696,17.3160565306
I30-009,50.6182898179,14.0738960623
D00-013,50.0527086976,14.2766209042
D08-010,50.6213008704,13.97762639
I16-016,50.4642085122,15.1872469374
I19-030,49.4253686962,15.0340198473
I35-063,50.2906495898,15.7154523575
I34-065,49.4695749172,15.2606275577
D03-008,49.190898608,14.686693385
D01-056,49.741581597,18.0693503869
D56-005,49.7209546261,18.2816105787
I20-061,49.2701824816,14.1874353249
I33-004,50.2837833955,15.8212118433
I35-056,50.33430102,15.631052399
I38-014,50.5146314147,14.7696151332
I38-088,49.4971878848,15.5906111808
I33-016,50.3782348849,15.9497250581
I20-024,49.5209498097,13.5306324324
D06-008,50.2015369805,12.752487708
D03-003,49.4167648138,14.7075753713
I12-018,50.0469179693,14.9917812539
I26-029,49.5131570852,12.9086261338
I03-005,49.8593168436,14.6942262378
I35-097,49.8900883165,16.2622664173
I58-009,49.7250351263,18.1846567292
I06-012,50.1410104844,13.1070659239
I06-019,50.1925382976,12.97509384
D01-001,50.0246365812,14.5030729105
D01-061,49.857375022,18.2555389079
D46-005,49.4308821204,17.1112836976
D06-003,50.0992004989,14.1775720184
I20-066,49.2091163752,14.213711854
I26-004,49.7147809718,13.2912965839
I34-044,49.2718749832,15.0688502116
I43-030,49.5716381876,16.5605051484
I48-003,49.5762998135,17.8558927065
I50-003,49.1708110414,16.8306994748
I50-041,49.015685165,17.6681618491
I11-016,49.8264228501,18.1351352226
I19-040,49.4385696862,15.1910940545
D01-054,49.6634745807,17.9108578607
D10-003,50.191991258,14.6950078565
D08-015,50.7699410215,13.9593723675
I16-017,50.4631968352,15.1994182316
I20-005,49.6910788194,13.4318274886
I35-044,50.3729264486,15.569576763
I38-036,50.0049486005,15.2324183333
D08-001,50.1679617308,14.4638956731
D08-005,50.4221354849,14.2061923688
I16-035,50.4354152249,15.4189814984
I26-011,49.6490856897,13.1897520281
I34-081,49.5496649783,15.4109702009
I35-007,50.7617720144,15.0486346148
I35-042,50.3842264193,15.5176954236
I35-092,49.9191494219,16.1917618693
I43-017,49.42990624,16.5794901021
I50-010,49.1517661146,16.9706451458
I20-060,49.2731517822,14.1854119681
I20-067,49.2044986299,14.209754507
I20-085,49.0268895657,14.3806342114
I34-068,49.4884744228,15.2898045174
I43-032,49.6099023513,16.5321878975
D01-044,49.3116472885,17.3440131309
D03-001,49.4943321398,14.6586631527
I19-018,49.4118184446,14.8369070267
I19-032,49.4232111282,15.0609981849
I30-006,50.5873314578,14.0297959127
I38-092,49.4561821998,15.6111322826
I04-002,49.9388775619,14.3626147708
I52-014,48.8511168254,16.6099012688
I06-009,50.1345976348,13.1412603919
I34-038,49.2340817126,15.0616846905
I38-013,50.5162860018,14.7515755999
D00-006,49.9803870614,14.4482815269
D05-004,49.9617082873,14.0841204159
D06-002,50.0889759591,14.2556430862
I16-034,50.4311532092,15.3977362435
I20-009,49.6632372478,13.4657745037
I33-024,50.3979512914,16.0787989849
I35-020,50.5569149536,15.2071681969
I35-123,49.7795212026,16.8974016046
I38-043,49.9513067492,15.3226869914
I38-081,49.5764261781,15.5797947548
I43-018,49.4444288278,16.5748878116
I50-028,49.0777657697,17.3500111854
I50-042,49.0095821795,17.690143191
I20-064,49.2351658174,14.2100748698
I19-009,49.4263828212,14.64846331
I03-009,49.7834105502,14.6760626987
I35-038,50.417549947,15.4606870619
I35-081,50.0592537683,15.9864911671
I35-096,49.891466148,16.2544896225
I52-001,49.1376605856,16.6032785255
I52-009,48.9268232148,16.5418833328
D08-003,50.2787447729,14.3538579875
I20-029,49.4843184586,13.5711610747
D01-002,50.0088576072,14.5474350821
I11-010,49.6479966286,18.679024187
I16-005,50.4311220512,15.0388503857
I16-020,50.4545603794,15.2512182164
I26-025,49.5367975459,12.9706027975
I03-021,49.6674631225,14.6367793882
I34-005,49.0127343833,14.6250053776
I34-069,49.4906851488,15.2937260831
I06-006,50.1364690511,13.1764142692
I12-021,50.0459592236,15.050221875
I34-089,49.5773112819,15.5203348754
D11-006,50.1174788013,15.1330949493
D35-007,49.5829763624,17.2067330352
I20-054,49.3315740374,14.0948227116
I26-010,49.6643440857,13.2053822246
I03-017,49.7163297006,14.6546964023
I33-022,50.3942951885,16.0552304178
I35-023,50.5337203669,15.2353222874
I35-041,50.3866760368,15.5111260532
I43-023,49.4977078539,16.5876135972
I07-001,50.2924215564,13.9153176958
I58-012,49.7327529624,18.2198920717
D01-035,49.1756540975,16.701733972
I16-012,50.4598123077,15.1323385619
I20-017,49.5878230652,13.4972371524
I20-042,49.4141058162,13.8982106281
I03-006,49.8441416114,14.6808238859
I33-025,50.3962760073,16.0918900922
I34-062,49.4472601373,15.2317824254
I38-094,49.4268189214,15.5912740162
I34-085,49.5648742129,15.4815483332
D01-013,49.7442711986,15.0326567422
I19-023,49.4280085751,14.9216812597
I33-002,50.2606250182,15.8065219042
I35-082,50.0562298187,16.0075746385
I35-111,49.7537018457,16.6142158949
I47-015,49.5336985433,17.6042434888
D01-057,49.7696020456,18.0961054417
D10-007,50.2990133514,14.853419209
D02-005,48.8466226577,16.8525948523
D05-021,49.7439962821,12.8466018987
I26-024,49.5377535306,13.0067961904
I34-011,49.0066780554,14.7506133433
I35-043,50.3787641072,15.532380849
I50-009,49.1467844128,16.9602380912
D01-053,49.6375428678,17.8611835611
I58-010,49.729585712,18.202153376
D00-011,50.0411119138,14.2703601596
D01-012,49.7503312775,14.9830506139
D02-002,49.1429867161,16.6330400696
I26-020,49.5460849714,13.0489689849
I03-027,49.5510086158,14.6654975398
I34-048,49.3086574033,15.075869591
I35-098,49.8851836641,16.2913485785
I35-109,49.7494035287,16.5702662163
I38-065,49.7731801135,15.4847374803
I43-015,49.4076659338,16.5817202211
I63-003,50.6137378724,13.9312964587
I35-006,50.7693522668,15.0402527813
I35-045,50.3727247657,15.5722764972
I35-112,49.7527743712,16.6478015669
I35-120,49.7626987345,16.8048296713
I47-010,49.5056758104,17.5080901206
D01-027,49.2720294139,16.2463350801
D07-001,50.1216808242,14.2741998187
I19-013,49.406175152,14.7635964303
I19-014,49.4058371643,14.7713624845
I20-037,49.4583810737,13.7664416256
I34-030,49.1355074827,15.0208569877
I35-005,50.7863724608,15.0225379591
I38-091,49.4609482892,15.609392099
I43-025,49.5185917567,16.5862197991
I06-020,50.2005913857,12.959631314
I34-066,49.4771346175,15.2744185768
I30-008,50.5991515154,14.0687788119
D05-016,49.6820230745,13.347295873
I20-080,49.0741175232,14.2873019786
I46-001,49.5713233889,17.218937812
I50-013,49.1371852939,17.0413334675
I50-031,49.0556086985,17.4369826932
D01-064,49.8889634913,18.3045721645
I19-038,49.4396649013,15.1713341919
I20-049,49.3563145344,13.9999301847
I35-062,50.301330684,15.68965833
I38-007,50.5577819261,14.6551852531
I38-019,50.4820304159,14.8493272541
I38-080,49.5820743855,15.5793120014
I19-017,49.4103385472,14.8306758815
D01-032,49.1590496429,16.6184078239
D03-006,49.2275137739,14.7281785273
D55-003,49.2061182972,17.551995951
I19-001,49.4264956169,14.530531728
I43-002,49.2577744409,16.5807651222
I19-029,49.4272761475,15.0144977538
I20-006,49.682029466,13.440775698
I20-087,49.0175772838,14.4220868495
I33-001,50.2503353387,15.8011883776
I34-076,49.5211449904,15.3480260016
I43-011,49.3690392947,16.5669589946
D35-012,49.582364657,17.4556915433
I03-011,49.7699218184,14.6761917389
I20-068,49.189010091,14.2083762033
D01-017,49.5479952619,15.3291609905
D10-002,50.1470776113,14.6537664287
D05-020,49.7069200292,13.0165064709
I11-011,49.6278030131,18.7253960016
I20-018,49.5759260984,13.5047675401
I20-033,49.4728696924,13.6444002578
I20-044,49.4047937708,13.9066908573
I20-072,49.1492505562,14.1963667412
I34-021,49.0616752426,14.9499678285
I35-070,50.2494353215,15.7673024446
I38-069,49.7262584911,15.5047571183
I55-001,49.4190359339,17.454724863
I34-040,49.2407061197,15.0635373461
D03-009,49.1745541555,14.6778510429
I19-019,49.4236067534,14.853751433
I20-030,49.4809898618,13.6014791427
I20-043,49.4125655429,13.9049525676
I33-020,50.3889482333,16.0139855204
I34-043,49.26657589,15.0715369596
I34-092,49.5924130466,15.5506794608
I35-125,49.609819432,17.1978646227
I43-008,49.3259057437,16.5538070625
I58-002,49.6730968176,18.126453057
I20-019,49.5646038659,13.507775588
I47-014,49.5352841047,17.595178882
D48-008,49.6456357095,18.14840759
I20-002,49.7065734791,13.4299273794
I20-040,49.429436962,13.840270843
D00-015,50.0802454962,14.2930903588
D01-023,49.3761051556,15.9541355528
D56-003,49.7461301602,18.2792314384
D08-014,50.7649895126,13.9697464358
I11-013,49.5214436922,18.7584306338
I19-006,49.4321443792,14.6149519212
I20-012,49.6524485399,13.4690612955
I26-007,49.6891264983,13.2452480719
I34-018,49.0668487699,14.9001761709
I34-025,49.1045331785,14.9926187341
I35-108,49.7537406613,16.5596989682
I06-018,50.1767444686,13.0010849891
D02-006,48.8283678519,16.8732513902
D05-006,49.914800618,13.9932537141
I26-022,49.5436711191,13.0396299365
I26-026,49.5337718155,12.9555853199
I03-008,49.7905669062,14.6784572048
I33-008,50.3008937052,15.8484690867
I50-038,49.0252043711,17.6211938784
I06-024,50.2121125006,12.9129248563
D01-065,49.9117402448,18.3342688945
D01-039,49.2070979611,16.9115184417
D07-009,50.4143779887,13.4677471414
I35-028,50.4929820891,15.3171425838
I50-008,49.1474792713,16.930959921
I50-048,48.9825728261,17.8334523704
I50-050,48.9560550178,17.8878282268
I06-022,50.2085418341,12.941374956
D05-014,49.6948917569,13.4303856227
D05-019,49.7221365466,13.0814598366
I19-036,49.44094357,15.130193543
I19-042,49.4438128552,15.2215973029
I34-057,49.3994665458,15.1847538404
I35-013,50.6964643401,15.1015411876
I38-055,49.8482390099,15.4572657413
I55-007,49.3248303379,17.4573364078
D01-011,49.7853456394,14.9290832413
D46-010,49.5458200941,17.177931234
D06-015,50.0912534949,12.4609110575
I16-022,50.4550984347,15.2802124635
I50-027,49.0877534092,17.3291204837
I50-043,48.9921160692,17.7046218505
I03-012,49.7635917693,14.6751190635
D01-018,49.5174133103,15.4403469836
D10-013,50.4846416757,14.9675553994
D46-004,49.3890669952,17.0984399749
I20-048,49.3685974515,13.9584636071
I20-073,49.1455763463,14.1968555641
I35-086,49.9996182738,16.1027467061
I38-020,50.4783435174,14.8571873639
I38-031,50.0457541198,15.1537025758
I38-054,49.8636410349,15.4425186602
I38-064,49.7888048385,15.4827503949
I34-037,49.225828895,15.064650321
I47-012,49.5260622298,17.5630381661
D01-042,49.2968970777,17.1073629691
I19-008,49.4267227254,14.6290878644
I35-015,50.6417678781,15.100842149
I38-024,50.4373170986,14.9026823197
I38-042,49.9607705363,15.3144960283
I50-024,49.1071035182,17.2979807465
I38-005,50.5684622738,14.6463011816
I19-031,49.4234842073,15.0456737651
I20-014,49.6220480948,13.4865243904
I34-002,49.0096255664,14.5225723474
I34-052,49.339592284,15.1216983905
I34-084,49.5646049738,15.4694049423
I35-054,50.3466329025,15.6314527736
I35-110,49.7523721117,16.5906063791
I38-003,50.579446462,14.635138647
I43-022,49.4894543708,16.5873449913
I12-022,50.0459504615,15.067740244
I19-004,49.4314345991,14.5708084171
I34-012,49.019893128,14.7934657825
I34-019,49.0652780454,14.9240540319
I55-004,49.3711325702,17.4560328738
D35-005,49.6767718171,17.0748062205
I20-079,49.0797910411,14.2712485027
I26-034,49.4446819906,12.8730979775
I26-044,49.3633337555,12.8526190565
I35-091,49.92593543,16.1831717619
I52-008,48.942686726,16.5311198428
D01-021,49.4342113441,15.6478895217
D07-008,50.4065136305,13.5019022983
I26-008,49.686179723,13.2392761815
I30-003,50.5431614821,14.0518115421
I35-001,50.8178054714,14.9474518473
I38-015,50.5109687854,14.7818362274
I50-029,49.068881101,17.3718434008
I26-038,49.4173016354,12.8738231314
I38-085,49.5365821672,15.591811728
D00-012,50.0455611073,14.2712350237
I19-012,49.4072912736,14.7251490369
I47-005,49.4748998166,17.4522624859
I12-001,50.0721483845,14.7024152161
D00-010,50.0265650748,14.2910566445
D04-007,49.7855117774,14.1961037264
D07-006,50.3685885138,13.6325297239
I33-013,50.3341598831,15.880715392
I52-012,48.8772343382,16.6040967287
I58-006,49.7161836704,18.1673615882
D10-014,50.5326899579,15.0149638535
D06-005,50.1128431433,14.0367155681
D08-013,50.6896500771,13.9524292164
I19-035,49.4335696706,15.1056946066
I43-010,49.3645645281,16.5611418666
I52-006,48.9673628603,16.5224187141
D01-049,49.5303598578,17.5355109651
D11-010,50.1304531631,15.5954138366
D06-011,50.1542251676,12.662128964
I03-018,49.7016805655,14.6543943254
I34-027,49.1235536158,15.0003251947
I34-073,49.5027832561,15.3326640189
I38-011,50.5190804823,14.7355683564
I38-090,49.4718405406,15.5973719251
I43-036,49.7140874856,16.4866500422
I50-032,49.0485944146,17.4851644141
I52-017,48.791338728,16.6347170373
D48-007,49.6212622663,18.07457016
D05-011,49.745223229,13.5494725728
D06-014,50.1033987339,12.5053947536
I35-021,50.546199588,15.2195365505
I38-035,50.0109330419,15.213459138
I06-021,50.2026873672,12.9548087005
D48-001,49.5800716061,17.7841627711
I20-078,49.0958428874,14.2493707744
I26-031,49.497767461,12.8854083149
I33-003,50.2679813745,15.8103377132
I34-079,49.5379379006,15.3697432513
I38-098,49.3968649178,15.5616397072
I43-033,49.6113212207,16.532293146
I47-013,49.5313582078,17.569354621
I20-063,49.2475637435,14.2018857205
D05-023,49.6986600674,12.6868686848
I19-003,49.4315722889,14.5690793643
I26-013,49.606722041,13.1199451473
I35-121,49.7622523371,16.8135982339
I38-004,50.5745549181,14.6407532908
I43-013,49.3793038607,16.5777090649
I16-024,50.4545097439,15.2940892905
I35-036,50.4487739605,15.3437574882
I35-057,50.3303109655,15.6332726399
I35-113,49.7530094783,16.6623371814
D01-003,49.9993621585,14.5767794604
D01-063,49.8795663574,18.3046671086
D07-005,50.193962393,14.1699554118
I26-023,49.5414847539,13.0308550264
I34-078,49.5377678649,15.368311062
I34-080,49.5390932605,15.3754330118
I35-087,49.9955689611,16.1032874648
I26-042,49.3707289365,12.8508460413
D02-003,49.099649107,16.6545398093
I26-035,49.4357962922,12.8770396314
I35-016,50.6080272943,15.1171943527
I38-074,49.6819459046,15.5366034349
D04-008,49.7274222651,14.1298143423
D06-017,50.1004937384,12.4010546813
D07-003,50.1428047794,14.2315701047
I34-023,49.0883931203,14.9823023699
I34-050,49.31635728,15.0831981646
I38-016,50.5027530873,14.7887787975
I43-016,49.4209102334,16.5844064475
I50-015,49.148299676,17.1053542794
I52-011,48.8965733253,16.5874873782
I06-013,50.144780581,13.0823519371
I12-028,50.0368603661,15.1372705924
D01-019,49.4799389096,15.5480588606
D01-028,49.2546114273,16.347225996
D02-008,48.7731313255,16.9351613179
D46-001,49.2765255403,17.0212299991
D06-004,50.1047954359,14.0969430153
I19-041,49.4395814532,15.2021830335
I20-001,49.7107118057,13.4201727579
I30-001,50.5232893742,14.0474610033
I35-024,50.5153960723,15.2527357729
I35-035,50.4518754876,15.3471411119
I50-030,49.0687755341,17.3976287337
I58-003,49.6941533011,18.1325283749
D01-041,49.2903952851,17.0951002697
D03-011,49.059156649,14.5215788124
I35-074,50.1355568634,15.9031268553
I35-085,50.0091235655,16.0848873781
I35-114,49.7652397662,16.7026032378
I38-089,49.4820427296,15.5918861775
I48-005,49.5641896112,17.892649218
D07-004,50.1555940328,14.2128640523
I35-026,50.5024835029,15.2870996166
I35-073,50.1537027847,15.8821629992
I38-087,49.510493591,15.5906344399
D48-009,49.6497547367,18.2165184575
I20-051,49.3501922683,14.0402723202
D00-009,50.0237214167,14.3217221036
D11-005,50.1210416437,15.0775803947
D07-007,50.3829559219,13.559476919
I33-010,50.3098513215,15.8607794853
I34-082,49.5544150966,15.4327982461
I35-012,50.7170052873,15.0738393472
I35-069,50.2570252848,15.7554525915
I35-116,49.771372058,16.7304155977
D48-003,49.6609436699,18.26742927
I03-016,49.7183915852,14.6556049775
I34-008,48.9973807814,14.691370017
I38-033,50.0359265874,15.1672369409
I38-038,49.9898252997,15.2633324441
I47-018,49.5442104911,17.6687968361
I48-004,49.5734731265,17.8709078764
D55-001,49.326745929,17.4815469307
D05-005,49.9490013803,14.0412783108
I19-033,49.4264069761,15.0664296656
I20-088,49.0124041127,14.4411051348
I33-019,50.3906845894,16.0050202626
I38-029,50.0646529211,15.1406451302
D48-002,49.5829544099,17.8037295061
I20-038,49.4473038507,13.8002930292
I20-071,49.1624296594,14.1893528647
I26-041,49.3896297874,12.8605930375
I38-026,50.1062401688,15.1400172001
I38-059,49.8211065861,15.4653553877
I43-006,49.3028246883,16.5558928988
I34-049,49.3105584406,15.0790926902
I35-061,50.3033973116,15.684065358
I35-066,50.2684341328,15.7424377467
I38-028,50.0773504635,15.1439694408
I12-006,50.0707791541,14.8074236906
D35-002,49.7425278412,16.9495847124
I20-065,49.2164951462,14.2187610275
I26-005,49.7093434279,13.2824104592
I38-048,49.9116884798,15.4066957574
I38-057,49.8376135586,15.4649672323
I50-006,49.1472196613,16.8924431448
D01-005,49.9764800998,14.6113653592
D04-010,49.4043163549,14.0408898919
I12-016,50.0493853538,14.9590419303
I20-053,49.3391690711,14.0739639305
I35-017,50.5716879918,15.1755764721
I35-104,49.7998816793,16.4591766979
I37-006,50.1031427373,15.7719869097
I50-047,48.9687445643,17.7697307477
I06-017,50.1675507748,13.0211429239
I26-043,49.3655183149,12.8533467214
I12-003,50.0711747704,14.7411584955
I16-030,50.4252548535,15.3486218834
I26-047,49.3476997037,12.8526850047
I38-027,50.0991657086,15.1463478077
I43-029,49.5378314461,16.5767304694
I48-001,49.5812762399,17.8180308913
D01-048,49.3735853947,17.46724296
I34-083,49.560217017,15.4471690347
I35-072,50.1754677038,15.8636483271
I38-061,49.8080422004,15.4724592135
I50-014,49.1452176634,17.0560381545
I20-036,49.4646700571,13.7301925125
I33-015,50.3734996387,15.942553204
I35-052,50.3594007502,15.6256429203
I43-024,49.505193289,16.5859947501
I50-035,49.0378467697,17.5602658125
D10-001,50.1261437818,14.6176647055
D05-013,49.7117066151,13.4448135371
I16-014,50.4609610801,15.1602707753
I19-021,49.433332433,14.8852360008
I20-028,49.4965163934,13.5653751065
I34-072,49.498479555,15.3215101404
I35-083,50.0293141314,16.0519347731
I50-017,49.1574902248,17.1423853737
I34-041,49.2417348011,15.0642359592
D10-012,50.4575060674,14.9351866459
D10-016,50.5855329342,15.0930175238
I20-084,49.0408337393,14.3432332223
I37-005,50.137765914,15.7876219337
I38-018,50.4877119629,14.8186612231
I47-019,49.5468758011,17.6836840478
I06-016,50.1611651845,13.0309429595
D56-001,49.7729562785,18.272093415
D48-006,49.713940683,18.5511097615
D08-006,50.4414194874,14.1582342625
I11-001,50.2045887202,15.777921034
I16-019,50.4543511044,15.2469959012
I26-027,49.5289972167,12.9487891819
I38-060,49.8153333163,15.4664349492
I12-027,50.0378448432,15.1226349777
I19-007,49.4304387142,14.6210440636
I16-010,50.4631890398,15.1199964622
I19-022,49.4335317723,14.9001070148
I20-086,49.0229309362,14.393715793
I33-027,50.4014041773,16.1205962072
I38-062,49.8030128318,15.4785225183
I19-005,49.4318260902,14.6071034136
I34-042,49.2507400086,15.070481651
D04-006,49.7982550395,14.1966097156
D46-008,49.4782509225,17.1307585039
I16-009,50.4636651877,15.1097178704
I16-021,50.4544392605,15.2638630262
I20-057,49.2961037615,14.1522573736
I34-006,49.0068396312,14.6390051859
I43-007,49.3120390044,16.5524530765
I26-046,49.3504373938,12.8538124569
I34-090,49.5819831151,15.5289661043
I35-126,49.6054541651,17.2166894844
I50-044,48.9786464265,17.7202456717
I19-010,49.4269082456,14.6672057498
I30-004,50.5575678353,14.0346236524
D05-015,49.6876294113,13.4288083108
I33-014,50.3648985793,15.934775187
I34-022,49.0681675474,14.9602117388
I38-095,49.4145045208,15.5788749975
D35-001,50.1453806671,15.7503913329
I20-082,49.0577025504,14.309244477
I33-011,50.3161454184,15.8673415963
I35-004,50.7908265205,15.0081833133
I50-033,49.0413690562,17.5057142907
I50-046,48.9731063851,17.7570961561
D56-006,49.6892662682,18.3052757122
I20-011,49.6595244444,13.4674117932
I20-075,49.11749852,14.2122314791
I35-027,50.4940369803,15.3133677721
I16-013,50.4594850624,15.1514487507
I20-047,49.3717248322,13.9463267705
I03-010,49.7791988946,14.675038469
I34-016,49.0661386004,14.8579246407
I35-050,50.3681586712,15.6162960981
I48-008,49.6057043313,18.0116612402
I50-036,49.0397949666,17.5678528314
I52-004,49.1200019547,16.6043008874
D48-004,49.6814432663,18.3949106351
I50-005,49.1459448318,16.8752084904
I38-072,49.6961543619,15.5275320957
I04-003,49.9257512695,14.3372235954
I50-026,49.0909852228,17.3254783985
I03-025,49.5905426645,14.6614567087
I34-063,49.454901041,15.241516091
I35-002,50.8116782087,14.9659311581
I35-065,50.2766969986,15.7318142622
D04-003,49.8567164908,14.2575342066
D01-010,49.8237949142,14.8696614319
D03-005,49.2931460693,14.7349620515
D35-010,49.5720168255,17.3484238082
D05-008,49.8416333771,13.822699629
D52-001,49.0923370288,16.5936355053
D08-002,50.2169051146,14.4236404661
I38-032,50.0427101287,15.1578887122
D56-004,49.7417461181,18.2802128766
I19-037,49.440187956,15.1554959553
I20-015,49.6126537219,13.4916050078
I03-024,49.6031243112,14.6600028745
I35-008,50.7524834161,15.0531538834
I35-100,49.8347739636,16.3840585739
I43-031,49.582415984,16.5494043137
I50-007,49.1497383601,16.9139478244
I55-005,49.3582714259,17.446907132
D48-005,49.6686433037,18.4684750895
I19-028,49.4229485145,14.9833573601
I20-032,49.4795021889,13.6131540031
I38-002,50.587356253,14.6216242388
I43-035,49.6795085017,16.50389744
I06-023,50.2123649421,12.9203357448
I20-020,49.5582060277,13.5100538927
D00-008,50.0109035819,14.3412320653
D04-004,49.8244307933,14.2288663595
D52-002,49.0223437482,16.5472088338
I38-084,49.5469008814,15.5892390977
I48-002,49.5789271774,17.8310111535
I50-002,49.1753711923,16.8239410903
I33-018,50.3912412536,15.9950863782
I11-003,50.2245494869,15.7894897995
I16-002,50.4083061151,14.9635852684
I16-018,50.4535649917,15.235012587
I03-020,49.6807511121,14.6419301041
I47-001,49.3123137788,17.4146398958
D04-011,49.3607804948,14.0554771598
I11-009,49.672951479,18.619523928
I20-055,49.3223921545,14.1190585306
I03-015,49.7269876956,14.65988989
I35-046,50.3720797234,15.5754560619
I35-095,49.8994600769,16.2326045683
I38-066,49.7557119087,15.4803454333
I43-001,49.2509354061,16.5886108302
I50-020,49.1570240954,17.1916507489
I47-002,49.3153401683,17.4262985827
I34-039,49.2375467555,15.0622112283
I16-026,50.449338161,15.3143255986
D00-004,49.9689825652,14.5628673683
D01-046,49.3211047849,17.428565475
I20-021,49.5517111311,13.515460919
I20-083,49.0456116808,14.3303548425
I35-088,49.9896699652,16.1085570307
I58-001,49.6626139313,18.1322657459
D01-008,49.8919994352,14.7497578551
D10-004,50.2127728116,14.7017843372
D03-007,49.2096175926,14.7142745004
D35-004,49.7021993466,17.0363170563
I20-008,49.673907524,13.4505310382
I20-059,49.2897927474,14.1713501119
I26-039,49.4128607732,12.8692472945
I33-023,50.3993522382,16.0664735703
I34-064,49.4643816391,15.2496624981
I35-122,49.7769144143,16.8598355648
I35-124,49.7788987486,16.9017599135
I48-007,49.5942740173,17.9822788529
I16-029,50.4344322327,15.3414800352
I26-001,49.7276900428,13.3115669197
I34-007,48.9964857572,14.679239928
I35-039,50.4092547182,15.4711945167
I35-099,49.8538176503,16.3585357315
I38-082,49.5670778873,15.5822991554
I20-052,49.3479092772,14.0543963501
D06-007,50.1348530081,13.2539243812
I20-031,49.4796225766,13.6113614959
I43-019,49.4661752974,16.5779161644
I38-046,49.9272793148,15.3858191976
I43-003,49.2793750152,16.5696859512
D01-030,49.1720255569,16.5175060649
D02-001,49.1548423212,16.6300848183
D46-002,49.3296640761,17.0522214237
I33-026,50.3967284805,16.0973677027
I38-053,49.8757003761,15.4310585679
I06-003,50.135695814,13.2004613106
I12-004,50.0721146762,14.7654299339
D01-033,49.1625293555,16.6516231982
D08-008,50.5135423816,14.0226374935
I19-002,49.429788061,14.5453376004
I34-020,49.062448834,14.9374866009
I43-027,49.5318859273,16.5809619137
I11-018,49.8123173876,18.1948301282
I34-029,49.1354964012,15.0138175821
D01-015,49.607033326,15.1647572052
D01-062,49.8676397256,18.279637547
I11-004,50.2296936243,15.7906157624
I12-011,50.0601979693,14.8839119182
I34-015,49.0644413684,14.8525615814
I34-070,49.4910449019,15.2947893363
I35-049,50.3702095787,15.595516362
D04-012,49.8699081494,14.2698014863
D01-037,49.180464232,16.7826852265
D11-004,50.1207028699,14.995646943
D04-001,49.9117845526,14.3365551347
D46-011,49.5655607652,17.2058048179
I16-023,50.4558460079,15.2853969643
I20-025,49.5155225882,13.5369861697
I12-024,50.0431057,15.0868499876
D01-051,49.5659069422,17.6379935524
I35-003,50.7960169766,14.9998949329
I19-015,49.4052967014,14.7839312907
I33-005,50.2882812063,15.8283200667
I34-053,49.3573449578,15.1498201279
I06-010,50.1332291652,13.1277647075
I63-004,50.6128729494,13.9612046598
D01-052,49.5781729259,17.7431982805
I35-032,50.4737638242,15.3386492086
I58-008,49.7251579206,18.1817981837
D10-011,50.4182001253,14.9417526376
D03-004,49.3863435396,14.7263956726
I35-115,49.7715027511,16.7213932005
I47-016,49.5322370073,17.6156956276
D05-018,49.7055964223,13.1788019315
I26-016,49.5797746698,13.0809372954
I34-047,49.2994324635,15.0664568089
I34-071,49.4935839066,15.3022236503
I35-014,50.6833332166,15.1022592513
I35-090,49.9331066168,16.1745369302
I35-106,49.7896887326,16.4855097908
D00-003,50.092002667,14.5945235772
I16-004,50.4193067402,15.0090353652
I35-102,49.8187562034,16.4094118672
I38-052,49.8796561115,15.4272897304
I47-017,49.5377645437,17.6432706545
I47-020,49.550458915,17.709065157
D00-002,50.1027502309,14.5904107374
I35-084,50.0238465412,16.0610751127
I34-046,49.2859878526,15.0675864024
I34-061,49.4465285622,15.2308892745
I35-078,50.0796018029,15.9757138761
I43-014,49.3968427396,16.5828371791
I47-011,49.5187799947,17.5480200932
D03-013,49.0221120001,14.5114835231
D46-006,49.45062218,17.1161491899
I16-008,50.458223381,15.0957229876
I38-012,50.5180642852,14.7436663719
I38-037,49.9958962496,15.2479131791
I16-015,50.4635178931,15.1774137151
I11-008,49.6839822323,18.6111023697
I38-078,49.6389981894,15.5637075184
I06-002,50.1355016684,13.2062592866
D35-008,49.5498576148,17.2540533045
D46-003,49.3588259452,17.0861853064
I34-086,49.5655383424,15.486846073
D05-025,50.0250510976,14.2045930891
I58-007,49.7239320205,18.1758985412
D00-005,49.9652734976,14.4967695847
D01-059,49.8295914135,18.217685523
D11-012,50.185158058,15.7625330987
I20-077,49.1021777056,14.2404752941
I26-021,49.5441006003,13.0413496156
I38-096,49.4093260581,15.5760914501
I26-017,49.5643772646,13.0755573207
I47-008,49.4969276957,17.4888649229
I06-011,50.1345844471,13.1204870131
D01-045,49.3128055317,17.3852287293
D04-009,49.7005810912,14.0813057789
I12-007,50.070298114,14.820921197
I12-015,50.050519835,14.9430775737
I35-030,50.4820346121,15.3324731576
I50-004,49.1602352929,16.8555068678
D01-004,49.9869486742,14.5981285456
D04-002,49.8868538607,14.2825954846
I19-025,49.426128707,14.9394001847
I34-014,49.0467570871,14.8269157872
I37-007,50.0815761089,15.7516433277
I38-010,50.5286153878,14.6956688609
I52-013,48.8520834914,16.6097731721
I52-016,48.8143671748,16.625016036
I55-006,49.3351121142,17.4517984969
I35-107,49.7840202761,16.5096203487
D05-002,50.0084600952,14.1786627387
I35-067,50.2639832279,15.748166483
I35-105,49.7907123851,16.4749565569
I52-010,48.9123611244,16.5682447175
D02-007,48.7921410887,16.9146676211
I35-071,50.2384362055,15.783084112
I38-056,49.8446309389,15.4607056212
I12-012,50.0566294027,14.900047584
I35-018,50.5689271064,15.182055412
I37-003,50.170138306,15.8029357937
I38-067,49.7521609814,15.4834320999
D01-007,49.9383909927,14.6794677775
D11-007,50.1169032001,15.2220242479
D07-002,50.1281610943,14.2630824355
I12-025,50.041139094,15.0997151537
I34-088,49.5740982389,15.5139314865
D00-007,50.0011328904,14.3438672372
D01-034,49.1633658429,16.6759367024
D05-003,49.9795003335,14.1220943846
I03-003,49.8885138365,14.7113030135
I35-009,50.7455027965,15.0542889187
I38-025,50.1121781306,15.131555935
I07-003,50.4470421262,13.3770942813
I35-047,50.3712735765,15.5829013846
I34-091,49.5912254946,15.5474143147
D08-007,50.5035249745,14.0537928789
I26-014,49.5926772899,13.0935207021
I30-005,50.5694348591,14.0358979863
I38-044,49.932432922,15.3555697065
I43-009,49.3443287407,16.5519029271
D10-008,50.3635528041,14.8763743575
D00-001,50.1134674023,14.5878988032
D11-003,50.1283729098,14.8930921788
I19-026,49.4226963679,14.9618400944
I35-034,50.4598405284,15.3457478983
I35-058,50.3256922318,15.6384196354
I35-060,50.3079145856,15.6718507534
I38-045,49.9280788436,15.3843001581
I50-016,49.1505096601,17.1244233817
I06-014,50.1489599356,13.0549137932
D01-047,49.3304615482,17.4617352078
D02-004,49.0035268778,16.6877200183
D06-018,50.1624688058,13.8881831109
D46-007,49.4662508413,17.1289294348
I35-059,50.3194025551,15.650232726
I34-058,49.4063031723,15.2059511983
I38-097,49.4041629989,15.5685230381
I06-005,50.1364258117,13.1781770402
I48-010,49.6115542575,18.0551760381
I20-013,49.6357217658,13.4787247133
I34-032,49.19360256,15.0681382309
I35-080,50.0620563859,15.9778645769
I38-073,49.6856864719,15.534634425
D10-009,50.3847282914,14.8993477595
I35-019,50.5638656958,15.1924947972
I52-015,48.8259646889,16.6144450404
I47-021,49.577511587,17.7810132751
I03-014,49.7384074021,14.6619642824
I35-117,49.7689393604,16.7570830136
I43-020,49.4709011529,16.5800457221
D10-005,50.237819052,14.737813424
D11-001,50.110983536,14.6480103485
I26-012,49.6235218067,13.145508184
I38-079,49.6253796684,15.5708434284
I43-005,49.2958375019,16.5587542421
D06-012,50.1430936551,12.6219436415
I34-028,49.1329316706,15.0060229898
I38-030,50.0469617501,15.1520075948
I43-004,49.2857667884,16.5648645554
I43-037,49.7342972836,16.4825405037
I50-023,49.1304102153,17.2550181943
I12-017,50.0476788578,14.9826535254
D05-024,49.6708194167,12.5876338076
D06-016,50.0866664245,12.4448057105
I20-010,49.6624680145,13.466794781
I35-053,50.3524631516,15.629628006
I38-068,49.741792855,15.4923461593
I38-075,49.6696448113,15.54052364
I35-031,50.475281119,15.3375122659
I06-015,50.1505806218,13.0499701174
I26-032,49.4782494818,12.8765318013
I33-009,50.3062337707,15.8558200821
I47-003,49.3158002633,17.4398061993
D05-007,49.8715954647,13.9017444395
D05-009,49.8226905791,13.7722178731
I26-003,49.7210484901,13.3012766637
I37-004,50.1467539399,15.79729226
I38-071,49.7046438146,15.5235925211
I06-025,50.2326758481,12.9204599223
I38-040,49.981825375,15.2849743989
D06-019,50.1773390769,13.8005874735
D01-058,49.8008773628,18.1743832627
I03-001,49.9112583926,14.7103798226
I35-064,50.2817090696,15.725488868
I50-011,49.1534230309,16.9836993368
D11-008,50.1260463169,15.3829516535
D08-012,50.6737359116,13.9653272384
I16-027,50.4458989449,15.3273635848
I26-006,49.7008515174,13.265539299
I37-001,50.1908916821,15.8081988754
I19-011,49.429058191,14.691922833
I20-045,49.3959155799,13.910622803
D05-012,49.7355943596,13.5083045557
I34-003,49.0107984955,14.5542561376
I35-011,50.7363709851,15.048823619
D10-010,50.4000891697,14.9188387419
I20-027,49.5028490398,13.5556811145
I58-005,49.7062947054,18.1574708821
I12-010,50.0612446021,14.8664427502
I12-002,50.0701433604,14.7130948965
I26-045,49.3545712382,12.8532228119
D01-066,49.9221525928,18.3766553877
D01-031,49.1610750052,16.5780683989
D55-002,49.2670184374,17.5064906817
I50-019,49.1583196542,17.1825149031
I50-039,49.0182915163,17.6305732605
I20-046,49.3891389869,13.9232883061
I34-017,49.0673026856,14.8811452978
I63-002,50.6154485601,13.9177247663
I12-005,50.0712676937,14.7897626918
D01-038,49.1868164521,16.8456899988
I20-007,49.6771658011,13.4458552245
I35-025,50.5066272668,15.2721935821
I19-039,49.4384499244,15.1844893417
D06-010,50.170501365,12.6759238384
I20-022,49.5420388577,13.5181915503
I34-031,49.1369802134,15.0253082181
I38-039,49.9882840056,15.267935142
D11-009,50.1303980328,15.4825709739
I50-037,49.0393518166,17.61143687
I11-014,49.5032399553,18.7599269411
I20-062,49.2588449579,14.1945789933
I20-041,49.423982099,13.8686061407
I12-009,50.0646898473,14.844347386
I20-004,49.7025317019,13.4353665179
I20-050,49.3526414352,14.0249356642
I50-012,49.1391629345,17.0232354998
I20-003,49.7041070623,13.4337817253
I11-012,49.5821583975,18.7438890037
I34-001,49.0065628298,14.5104465913
I50-045,48.9779569424,17.7329107287
I52-002,49.1320847106,16.6035787579
I30-007,50.5959564481,14.0435274119
I38-086,49.5297115662,15.593091805
D46-012,49.444223027,17.1139017554
I35-055,50.3406350072,15.6305681636
I12-014,50.0515262088,14.9291598411
D06-013,50.114556287,12.5654634741
I35-010,50.7432146658,15.0538349724
I35-101,49.82644671,16.3989002709
I34-051,49.3229177426,15.0903080707
D01-006,49.9598083858,14.6318550145
I11-006,49.7167842251,18.6199775199
I48-009,49.6091031256,18.0470497902
I26-050,49.5137962361,12.9100529181
D07-012,50.3074391221,13.8849536031
D55-005,49.1890065846,17.5306678649
I35-129,49.7825423132,16.5124509397
D35-016,50.0809389374,15.8993982625
I12-031,50.0724333248,14.7539287255
I35-128,50.6353649641,15.1103231294
D35-015,50.1309885673,15.8167529587
D06-020,50.1310157385,13.3286759757
I35-127,50.6365478685,15.1080762371
I11-019,49.8127598505,18.1894140916
D11-015,50.3097674111,15.8508925905
D11-014,50.2893630871,15.8248656799
I11-020,49.812385791,18.1953643831
D11-016,50.3528857466,15.8885917498
D07-011,50.2931930254,13.9135787639
D11-013,50.2188962496,15.772682556
I47-022,49.5381029289,17.6444173054
D55-004,49.1912216409,17.5420030819
I35-141,49.9734477801,16.1291337457
I35-130,49.7708185828,16.5214957452
I26-051,49.5123029685,12.9057633912
D06-021,50.1341886294,13.2573320824
I58-013,49.654272758,18.1236973004
I58-014,49.6756016309,18.126078519
I12-030,50.0704402257,14.7381015919
I35-140,49.9827685318,16.1174587415
D55-006,49.1886640616,17.5291529839
I47-023,49.5387081538,17.647110015
D48-011,49.6618610171,18.3384611526
D56-007,49.6753122615,18.3223923243
